Workbook

Sheet Tổng hợp điểm
B1: ĐIỂM THI HK1-2018-2019 (CT428)
B2: Ma CB | C2: 1043 | D2: Ho va ten | F2: Nguyen Minh Trung
B3: Ma MH | C3: CT428 | D3: Ma NH | F3: 8
B4: Nam hoc | C4: 2020-2021 | D4: Hoc ky | F4: 1
A6: S T T | B6: MÃ SV | C6: Họ và tên | D6: Điểm TH 1 | E6: Điểm TH 2 | F6: Điểm TH 3 | G6: Điểm BT lớn | H6: Điểm LT | I6: Điểm tổng | J6: Điểm theo thang điểm 10 | K6: Điểm chữ
A7: 1 | B7: 0B1505719 | C7: =VLOOKUP(RIGHT(B7, 8), 'Các bảng tham chiếu & Thống kê '!$B$14:$C$27, 2, 0) -> Nguyễn Văn Hiếu | D7: =VLOOKUP(RIGHT(B7, 8), 'Điểm thực hành các buổi'!$B$3:$G$16, 4, 0) -> 0.45 | E7: =VLOOKUP(RIGHT(B7, 8), 'Điểm thực hành các buổi'!$B$2:$G$16, 5, 0) -> 0.25 | F7: =VLOOKUP(RIGHT(B7, 8), 'Điểm thực hành các buổi'!$B$2:$G$16, 6, 0) -> 0.3 | G7: =VLOOKUP(RIGHT(B7, 8), 'Điểm bài tập lớn'!$B$3:$D$16, 3, 0) -> 0.5 | H7: =VLOOKUP(RIGHT(B7, 8), 'Điểm lý thuyết'!$B$3:$F$16, 4, 0) -> 4.2 | I7: =IF(H7=-3, 0, ROUND(SUM(D7, E7, F7, G7, 0.6*N(H7)), 1)) -> 4 | J7: =IF(OR(G7=0, VALUE(LEFT(B7, 1))>2), 0, ROUND(I7 + IFERROR(VLOOKUP(VALUE(LEFT(B7, 1)), '[1]Các bảng tham chiếu & Thống kê'!$E$2:$F$5, 2, 0), 0), 1)) -> 4 | K7: =VLOOKUP(J7, 'Các bảng tham chiếu & Thống kê '!$A$3:$B$10, 2, 1) -> D
A8: 2 | B8: 1B1505915 | C8: =VLOOKUP(RIGHT(B8, 8), 'Các bảng tham chiếu & Thống kê '!$B$14:$C$27, 2, 0) -> Lý Minh Trí | D8: =VLOOKUP(RIGHT(B8, 8), 'Điểm thực hành các buổi'!$B$3:$G$16, 4, 0) -> 0.5 | E8: =VLOOKUP(RIGHT(B8, 8), 'Điểm thực hành các buổi'!$B$2:$G$16, 5, 0) -> 0.35 | F8: =VLOOKUP(RIGHT(B8, 8), 'Điểm thực hành các buổi'!$B$2:$G$16, 6, 0) -> 0.4 | G8: =VLOOKUP(RIGHT(B8, 8), 'Điểm bài tập lớn'!$B$3:$D$16, 3, 0) -> 1 | H8: =VLOOKUP(RIGHT(B8, 8), 'Điểm lý thuyết'!$B$3:$F$16, 4, 0) -> 5.8 | I8: =IF(H8=-3, 0, ROUND(SUM(D8,E8,F8,G8) + 0.6*N(H8), 1)) -> 5.7 | J8: =IF(OR(G8=0, VALUE(LEFT(B8, 1))>2), 0, ROUND(I8 + IFERROR(VLOOKUP(VALUE(LEFT(B8, 1)), '[1]Các bảng tham chiếu & Thống kê'!$E$2:$F$5, 2, 0), 0), 1)) -> 5.7 | K8: =VLOOKUP(J8, 'Các bảng tham chiếu & Thống kê '!$A$3:$B$10, 2, 1) -> C
A9: 3 | B9: 0B1509874 | C9: =VLOOKUP(RIGHT(B9, 8), 'Các bảng tham chiếu & Thống kê '!$B$14:$C$27, 2, 0) -> Nguyễn Kiều Mi | D9: =VLOOKUP(RIGHT(B9, 8), 'Điểm thực hành các buổi'!$B$3:$G$16, 4, 0) -> 0.25 | E9: =VLOOKUP(RIGHT(B9, 8), 'Điểm thực hành các buổi'!$B$2:$G$16, 5, 0) -> 0.25 | F9: =VLOOKUP(RIGHT(B9, 8), 'Điểm thực hành các buổi'!$B$2:$G$16, 6, 0) -> 0.3 | G9: =VLOOKUP(RIGHT(B9, 8), 'Điểm bài tập lớn'!$B$3:$D$16, 3, 0) -> 0.5 | H9: =VLOOKUP(RIGHT(B9, 8), 'Điểm lý thuyết'!$B$3:$F$16, 4, 0) -> 5.8 | I9: =IF(H9=-3, 0, ROUND(SUM(D9,E9,F9,G9) + 0.6*N(H9), 1)) -> 4.8 | J9: =IF(OR(G9=0, VALUE(LEFT(B9, 1))>2), 0, ROUND(I9 + IFERROR(VLOOKUP(VALUE(LEFT(B9, 1)), '[1]Các bảng tham chiếu & Thống kê'!$E$2:$F$5, 2, 0), 0), 1)) -> 4.8 | K9: =VLOOKUP(J9, 'Các bảng tham chiếu & Thống kê '!$A$3:$B$10, 2, 1) -> D
A10: 4 | B10: 0B1509929 | C10: =VLOOKUP(RIGHT(B10, 8), 'Các bảng tham chiếu & Thống kê '!$B$14:$C$27, 2, 0) -> Đặng Duy Linh | D10: =VLOOKUP(RIGHT(B10, 8), 'Điểm thực hành các buổi'!$B$3:$G$16, 4, 0) -> 0.4 | E10: =VLOOKUP(RIGHT(B10, 8), 'Điểm thực hành các buổi'!$B$2:$G$16, 5, 0) -> 0.25 | F10: =VLOOKUP(RIGHT(B10, 8), 'Điểm thực hành các buổi'!$B$2:$G$16, 6, 0) -> 0.35 | G10: =VLOOKUP(RIGHT(B10, 8), 'Điểm bài tập lớn'!$B$3:$D$16, 3, 0) -> 1 | H10: =VLOOKUP(RIGHT(B10, 8), 'Điểm lý thuyết'!$B$3:$F$16, 4, 0) -> 4.5 | I10: =IF(H10=-3, 0, ROUND(SUM(D10,E10,F10,G10) + 0.6*N(H10), 1)) -> 4.7 | J10: =IF(OR(G10=0, VALUE(LEFT(B10, 1))>2), 0, ROUND(I10 + IFERROR(VLOOKUP(VALUE(LEFT(B10, 1)), '[1]Các bảng tham chiếu & Thống kê'!$E$2:$F$5, 2, 0), 0), 1)) -> 4.7 | K10: =VLOOKUP(J10, 'Các bảng tham chiếu & Thống kê '!$A$3:$B$10, 2, 1) -> D
A11: 5 | B11: 2B1605223 | C11: =VLOOKUP(RIGHT(B11, 8), 'Các bảng tham chiếu & Thống kê '!$B$14:$C$27, 2, 0) -> Le Thị Trúc Linh | D11: =VLOOKUP(RIGHT(B11, 8), 'Điểm thực hành các buổi'!$B$3:$G$16, 4, 0) -> 0.45 | E11: =VLOOKUP(RIGHT(B11, 8), 'Điểm thực hành các buổi'!$B$2:$G$16, 5, 0) -> 0.4 | F11: =VLOOKUP(RIGHT(B11, 8), 'Điểm thực hành các buổi'!$B$2:$G$16, 6, 0) -> 0.35 | G11: =VLOOKUP(RIGHT(B11, 8), 'Điểm bài tập lớn'!$B$3:$D$16, 3, 0) -> 1.75 | H11: =VLOOKUP(RIGHT(B11, 8), 'Điểm lý thuyết'!$B$3:$F$16, 4, 0) -> 5.5 | I11: =IF(H11=-3, 0, ROUND(SUM(D11,E11,F11,G11) + 0.6*N(H11), 1)) -> 6.3 | J11: =IF(OR(G11=0, VALUE(LEFT(B11, 1))>2), 0, ROUND(I11 + IFERROR(VLOOKUP(VALUE(LEFT(B11, 1)), '[1]Các bảng tham chiếu & Thống kê'!$E$2:$F$5, 2, 0), 0), 1)) -> 6.3 | K11: =VLOOKUP(J11, 'Các bảng tham chiếu & Thống kê '!$A$3:$B$10, 2, 1) -> C
A12: 6 | B12: 0B1605235 | C12: =VLOOKUP(RIGHT(B12, 8), 'Các bảng tham chiếu & Thống kê '!$B$14:$C$27, 2, 0) -> Phạm Thị Huỳnh | D12: =VLOOKUP(RIGHT(B12, 8), 'Điểm thực hành các buổi'!$B$3:$G$16, 4, 0) -> 0.4 | E12: =VLOOKUP(RIGHT(B12, 8), 'Điểm thực hành các buổi'!$B$2:$G$16, 5, 0) -> 0.45 | F12: =VLOOKUP(RIGHT(B12, 8), 'Điểm thực hành các buổi'!$B$2:$G$16, 6, 0) -> 0.5 | G12: =VLOOKUP(RIGHT(B12, 8), 'Điểm bài tập lớn'!$B$3:$D$16, 3, 0) -> 1.2 | H12: =VLOOKUP(RIGHT(B12, 8), 'Điểm lý thuyết'!$B$3:$F$16, 4, 0) -> 7.5 | I12: =IF(H12=-3, 0, ROUND(SUM(D12,E12,F12,G12) + 0.6*N(H12), 1)) -> 7.1 | J12: =IF(OR(G12=0, VALUE(LEFT(B12, 1))>2), 0, ROUND(I12 + IFERROR(VLOOKUP(VALUE(LEFT(B12, 1)), '[1]Các bảng tham chiếu & Thống kê'!$E$2:$F$5, 2, 0), 0), 1)) -> 7.1 | K12: =VLOOKUP(J12, 'Các bảng tham chiếu & Thống kê '!$A$3:$B$10, 2, 1) -> B
A13: 7 | B13: 0B1605249 | C13: =VLOOKUP(RIGHT(B13, 8), 'Các bảng tham chiếu & Thống kê '!$B$14:$C$27, 2, 0) -> Lê Minh Thông | D13: =VLOOKUP(RIGHT(B13, 8), 'Điểm thực hành các buổi'!$B$3:$G$16, 4, 0) -> 0.4 | E13: =VLOOKUP(RIGHT(B13, 8), 'Điểm thực hành các buổi'!$B$2:$G$16, 5, 0) -> 0.4 | F13: =VLOOKUP(RIGHT(B13, 8), 'Điểm thực hành các buổi'!$B$2:$G$16, 6, 0) -> 0.4 | G13: =VLOOKUP(RIGHT(B13, 8), 'Điểm bài tập lớn'!$B$3:$D$16, 3, 0) -> 1 | H13: =VLOOKUP(RIGHT(B13, 8), 'Điểm lý thuyết'!$B$3:$F$16, 4, 0) -> 5.3 | I13: =IF(H13=-3, 0, ROUND(SUM(D13,E13,F13,G13) + 0.6*N(H13), 1)) -> 5.4 | J13: =IF(OR(G13=0, VALUE(LEFT(B13, 1))>2), 0, ROUND(I13 + IFERROR(VLOOKUP(VALUE(LEFT(B13, 1)), '[1]Các bảng tham chiếu & Thống kê'!$E$2:$F$5, 2, 0), 0), 1)) -> 5.4 | K13: =VLOOKUP(J13, 'Các bảng tham chiếu & Thống kê '!$A$3:$B$10, 2, 1) -> D+
A14: 8 | B14: 0B1605285 | C14: =VLOOKUP(RIGHT(B14, 8), 'Các bảng tham chiếu & Thống kê '!$B$14:$C$27, 2, 0) -> Huỳnh Thị Diễm | D14: =VLOOKUP(RIGHT(B14, 8), 'Điểm thực hành các buổi'!$B$3:$G$16, 4, 0) -> 0.45 | E14: =VLOOKUP(RIGHT(B14, 8), 'Điểm thực hành các buổi'!$B$2:$G$16, 5, 0) -> 0.4 | F14: =VLOOKUP(RIGHT(B14, 8), 'Điểm thực hành các buổi'!$B$2:$G$16, 6, 0) -> 0.45 | G14: =VLOOKUP(RIGHT(B14, 8), 'Điểm bài tập lớn'!$B$3:$D$16, 3, 0) -> 0 | H14: =VLOOKUP(RIGHT(B14, 8), 'Điểm lý thuyết'!$B$3:$F$16, 4, 0) -> 6.8 | I14: =IF(H14=-3, 0, ROUND(SUM(D14,E14,F14,G14) + 0.6*N(H14), 1)) -> 5.4 | J14: =IF(OR(G14=0, VALUE(LEFT(B14, 1))>2), 0, ROUND(I14 + IFERROR(VLOOKUP(VALUE(LEFT(B14, 1)), '[1]Các bảng tham chiếu & Thống kê'!$E$2:$F$5, 2, 0), 0), 1)) -> 0 | K14: =VLOOKUP(J14, 'Các bảng tham chiếu & Thống kê '!$A$3:$B$10, 2, 1) -> F
A15: 9 | B15: 0B1605291 | C15: =VLOOKUP(RIGHT(B15, 8), 'Các bảng tham chiếu & Thống kê '!$B$14:$C$27, 2, 0) -> Trần Thanh Nguyên | D15: =VLOOKUP(RIGHT(B15, 8), 'Điểm thực hành các buổi'!$B$3:$G$16, 4, 0) -> 0.45 | E15: =VLOOKUP(RIGHT(B15, 8), 'Điểm thực hành các buổi'!$B$2:$G$16, 5, 0) -> 0.4 | F15: =VLOOKUP(RIGHT(B15, 8), 'Điểm thực hành các buổi'!$B$2:$G$16, 6, 0) -> 0.4 | G15: =VLOOKUP(RIGHT(B15, 8), 'Điểm bài tập lớn'!$B$3:$D$16, 3, 0) -> 0.75 | H15: =VLOOKUP(RIGHT(B15, 8), 'Điểm lý thuyết'!$B$3:$F$16, 4, 0) -> 6.3 | I15: =IF(H15=-3, 0, ROUND(SUM(D15,E15,F15,G15) + 0.6*N(H15), 1)) -> 5.8 | J15: =IF(OR(G15=0, VALUE(LEFT(B15, 1))>2), 0, ROUND(I15 + IFERROR(VLOOKUP(VALUE(LEFT(B15, 1)), '[1]Các bảng tham chiếu & Thống kê'!$E$2:$F$5, 2, 0), 0), 1)) -> 5.8 | K15: =VLOOKUP(J15, 'Các bảng tham chiếu & Thống kê '!$A$3:$B$10, 2, 1) -> C
A16: 10 | B16: 1B1605344 | C16: =VLOOKUP(RIGHT(B16, 8), 'Các bảng tham chiếu & Thống kê '!$B$14:$C$27, 2, 0) -> Nguyễn Thị Đào | D16: =VLOOKUP(RIGHT(B16, 8), 'Điểm thực hành các buổi'!$B$3:$G$16, 4, 0) -> 0.3 | E16: =VLOOKUP(RIGHT(B16, 8), 'Điểm thực hành các buổi'!$B$2:$G$16, 5, 0) -> 0.5 | F16: =VLOOKUP(RIGHT(B16, 8), 'Điểm thực hành các buổi'!$B$2:$G$16, 6, 0) -> 0.45 | G16: =VLOOKUP(RIGHT(B16, 8), 'Điểm bài tập lớn'!$B$3:$D$16, 3, 0) -> 0.3 | H16: =VLOOKUP(RIGHT(B16, 8), 'Điểm lý thuyết'!$B$3:$F$16, 4, 0) -> 8.3 | I16: =IF(H16=-3, 0, ROUND(SUM(D16,E16,F16,G16) + 0.6*N(H16), 1)) -> 6.5 | J16: =IF(OR(G16=0, VALUE(LEFT(B16, 1))>2), 0, ROUND(I16 + IFERROR(VLOOKUP(VALUE(LEFT(B16, 1)), '[1]Các bảng tham chiếu & Thống kê'!$E$2:$F$5, 2, 0), 0), 1)) -> 6.5 | K16: =VLOOKUP(J16, 'Các bảng tham chiếu & Thống kê '!$A$3:$B$10, 2, 1) -> C+
A17: 11 | B17: 4B1607025 | C17: =VLOOKUP(RIGHT(B17, 8), 'Các bảng tham chiếu & Thống kê '!$B$14:$C$27, 2, 0) -> Nguyễn Chí Thanh | D17: =VLOOKUP(RIGHT(B17, 8), 'Điểm thực hành các buổi'!$B$3:$G$16, 4, 0) -> 0.4 | E17: =VLOOKUP(RIGHT(B17, 8), 'Điểm thực hành các buổi'!$B$2:$G$16, 5, 0) -> 0.45 | F17: =VLOOKUP(RIGHT(B17, 8), 'Điểm thực hành các buổi'!$B$2:$G$16, 6, 0) -> 0.4 | G17: =VLOOKUP(RIGHT(B17, 8), 'Điểm bài tập lớn'!$B$3:$D$16, 3, 0) -> 0.3 | H17: =VLOOKUP(RIGHT(B17, 8), 'Điểm lý thuyết'!$B$3:$F$16, 4, 0) -> -3 | I17: =IF(H17=-3, 0, ROUND(SUM(D17,E17,F17,G17) + 0.6*N(H17), 1)) -> 0 | J17: =IF(OR(G17=0, VALUE(LEFT(B17, 1))>2), 0, ROUND(I17 + IFERROR(VLOOKUP(VALUE(LEFT(B17, 1)), '[1]Các bảng tham chiếu & Thống kê'!$E$2:$F$5, 2, 0), 0), 1)) -> 0 | K17: =VLOOKUP(J17, 'Các bảng tham chiếu & Thống kê '!$A$3:$B$10, 2, 1) -> F
A18: 12 | B18: 2B1609759 | C18: =VLOOKUP(RIGHT(B18, 8), 'Các bảng tham chiếu & Thống kê '!$B$14:$C$27, 2, 0) -> Nguyễn Hải Anh | D18: =VLOOKUP(RIGHT(B18, 8), 'Điểm thực hành các buổi'!$B$3:$G$16, 4, 0) -> 0.5 | E18: =VLOOKUP(RIGHT(B18, 8), 'Điểm thực hành các buổi'!$B$2:$G$16, 5, 0) -> 0.5 | F18: =VLOOKUP(RIGHT(B18, 8), 'Điểm thực hành các buổi'!$B$2:$G$16, 6, 0) -> 0.45 | G18: =VLOOKUP(RIGHT(B18, 8), 'Điểm bài tập lớn'!$B$3:$D$16, 3, 0) -> 1.5 | H18: =VLOOKUP(RIGHT(B18, 8), 'Điểm lý thuyết'!$B$3:$F$16, 4, 0) -> 7 | I18: =IF(H18=-3, 0, ROUND(SUM(D18,E18,F18,G18) + 0.6*N(H18), 1)) -> 7.2 | J18: =IF(OR(G18=0, VALUE(LEFT(B18, 1))>2), 0, ROUND(I18 + IFERROR(VLOOKUP(VALUE(LEFT(B18, 1)), '[1]Các bảng tham chiếu & Thống kê'!$E$2:$F$5, 2, 0), 0), 1)) -> 7.2 | K18: =VLOOKUP(J18, 'Các bảng tham chiếu & Thống kê '!$A$3:$B$10, 2, 1) -> B
A19: 13 | B19: 5B1609765 | C19: =VLOOKUP(RIGHT(B19, 8), 'Các bảng tham chiếu & Thống kê '!$B$14:$C$27, 2, 0) -> Trần Nam Dương | D19: =VLOOKUP(RIGHT(B19, 8), 'Điểm thực hành các buổi'!$B$3:$G$16, 4, 0) -> 0.4 | E19: =VLOOKUP(RIGHT(B19, 8), 'Điểm thực hành các buổi'!$B$2:$G$16, 5, 0) -> 0.4 | F19: =VLOOKUP(RIGHT(B19, 8), 'Điểm thực hành các buổi'!$B$2:$G$16, 6, 0) -> 0.35 | G19: =VLOOKUP(RIGHT(B19, 8), 'Điểm bài tập lớn'!$B$3:$D$16, 3, 0) -> 1.35 | H19: =VLOOKUP(RIGHT(B19, 8), 'Điểm lý thuyết'!$B$3:$F$16, 4, 0) -> -3 | I19: =IF(H19=-3, 0, ROUND(SUM(D19,E19,F19,G19) + 0.6*N(H19), 1)) -> 0 | J19: =IF(OR(G19=0, VALUE(LEFT(B19, 1))>2), 0, ROUND(I19 + IFERROR(VLOOKUP(VALUE(LEFT(B19, 1)), '[1]Các bảng tham chiếu & Thống kê'!$E$2:$F$5, 2, 0), 0), 1)) -> 0 | K19: =VLOOKUP(J19, 'Các bảng tham chiếu & Thống kê '!$A$3:$B$10, 2, 1) -> F
A20: 14 | B20: 0B1609773 | C20: =VLOOKUP(RIGHT(B20, 8), 'Các bảng tham chiếu & Thống kê '!$B$14:$C$27, 2, 0) -> Nguyễn Duy Khanh | D20: =VLOOKUP(RIGHT(B20, 8), 'Điểm thực hành các buổi'!$B$3:$G$16, 4, 0) -> 0.35 | E20: =VLOOKUP(RIGHT(B20, 8), 'Điểm thực hành các buổi'!$B$2:$G$16, 5, 0) -> 0.4 | F20: =VLOOKUP(RIGHT(B20, 8), 'Điểm thực hành các buổi'!$B$2:$G$16, 6, 0) -> 0 | G20: =VLOOKUP(RIGHT(B20, 8), 'Điểm bài tập lớn'!$B$3:$D$16, 3, 0) -> 0.85 | H20: =VLOOKUP(RIGHT(B20, 8), 'Điểm lý thuyết'!$B$3:$F$16, 4, 0) -> 6.5 | I20: =IF(H20=-3, 0, ROUND(SUM(D20,E20,F20,G20) + 0.6*N(H20), 1)) -> 5.5 | J20: =IF(OR(G20=0, VALUE(LEFT(B20, 1))>2), 0, ROUND(I20 + IFERROR(VLOOKUP(VALUE(LEFT(B20, 1)), '[1]Các bảng tham chiếu & Thống kê'!$E$2:$F$5, 2, 0), 0), 1)) -> 5.5 | K20: =VLOOKUP(J20, 'Các bảng tham chiếu & Thống kê '!$A$3:$B$10, 2, 1) -> C

Sheet Các bảng tham chiếu & Thống kê 
A1: Bảng quy đổi điểm | E1: Bảng Điểm Chuyên cần
A2: Điểm theo thang điểm 10 | B2: Điểm chữ | C2: Điểm theo thang điểm 4 | E2: Số buổi vắng | F2: Điểm CT
A3: 0 | B3: F | C3: 0 | E3: 0 | F3: 1
A4: 4 | B4: D | C4: 1 | E4: 1 | F4: 0.5
A5: 5 | B5: D+ | C5: 1.5 | E5: 2 | F5: 0.25
A6: 5.5 | B6: C | C6: 2
A7: 6.5 | B7: C+
A8: 7 | B8: B | C8: 3
A9: 8 | B9: B+ | C9: 3.5
A10: 9 | B10: A | C10: 4
A12: Danh sách Sinh viên | E12: Bảng thống kê theo điểm chữ
A13: STT | B13: Mã SV | C13: Họ và tên | E13: Điểm chữ | F13: Số lượng sinh viên
A14: 1 | B14: B1509929 | C14: Đặng Duy Linh | E14: A | F14: =COUNTIF('Tổng hợp điểm'!$K$7:$K$20, E14) -> 0
A15: 2 | B15: B1605285 | C15: Huỳnh Thị Diễm | E15: B+ | F15: =COUNTIF('Tổng hợp điểm'!$K$7:$K$20, E15) -> 0
A16: 3 | B16: B1605291 | C16: Trần Thanh Nguyên | E16: B | F16: =COUNTIF('Tổng hợp điểm'!$K$7:$K$20, E16) -> 2
A17: 4 | B17: B1605249 | C17: Lê Minh Thông | E17: C+ | F17: =COUNTIF('Tổng hợp điểm'!$K$7:$K$20, E17) -> 1
A18: 5 | B18: B1605223 | C18: Le Thị Trúc Linh | E18: C | F18: =COUNTIF('Tổng hợp điểm'!$K$7:$K$20, E18) -> 4
A19: 6 | B19: B1505915 | C19: Lý Minh Trí | E19: D+ | F19: =COUNTIF('Tổng hợp điểm'!$K$7:$K$20, E19) -> 1
A20: 7 | B20: B1607025 | C20: Nguyễn Chí Thanh | E20: D | F20: =COUNTIF('Tổng hợp điểm'!$K$7:$K$20, E20) -> 3
A21: 8 | B21: B1609773 | C21: Nguyễn Duy Khanh | E21: F | F21: =COUNTIF('Tổng hợp điểm'!$K$7:$K$20, E21) -> 3
A22: 9 | B22: B1609759 | C22: Nguyễn Hải Anh
A23: 10 | B23: B1509874 | C23: Nguyễn Kiều Mi | E23: Bảng thống kê SV
A24: 11 | B24: B1605344 | C24: Nguyễn Thị Đào | E24: Số sinh viên điểm BT lớn = 0 hoặc điểm LT = -3 | F24: =COUNTIF('Tổng hợp điểm'!$G$7:$G$20, 0) + COUNTIF('Tổng hợp điểm'!$H$7:$H$20, -3) -> 3
A25: 12 | B25: B1505719 | C25: Nguyễn Văn Hiếu
A26: 13 | B26: B1605235 | C26: Phạm Thị Huỳnh
A27: 14 | B27: B1609765 | C27: Trần Nam Dương | E27: Số SV nghỉ TH > 2 | F27: {=SUMPRODUCT(--(VALUE(LEFT('Tổng hợp điểm'!$B$7:$B$20, 1)) > 2))} -> 2

Sheet Điểm thực hành các buổi
A1: Điểm thực hành các buổi
A2: STT | B2: Mã SV | C2: Họ và tên | E2: Điểm TH 1 | F2: Điểm TH 2 | G2: Điểm TH 3
A3: 1 | B3: B1505719 | C3: Nguyễn Văn Hiếu | E3: 0.45 | F3: 0.25 | G3: 0.3
A4: 2 | B4: B1505915 | C4: Lý Minh Trí | E4: 0.5 | F4: 0.35 | G4: 0.4
A5: 3 | B5: B1509874 | C5: Nguyễn Kiều Mi | E5: 0.25 | F5: 0.25 | G5: 0.3
A6: 4 | B6: B1509929 | C6: Đặng Duy Linh | E6: 0.4 | F6: 0.25 | G6: 0.35
A7: 5 | B7: B1605223 | C7: =VLOOKUP(RIGHT(B7, 8), 'Điểm thực hành các buổi'!$B$3:$E$16, 4, 0) -> 0.45 | E7: 0.45 | F7: 0.4 | G7: 0.35
A8: 6 | B8: B1605235 | C8: Phạm Thị Huỳnh | E8: 0.4 | F8: 0.45 | G8: 0.5
A9: 7 | B9: B1605249 | C9: Lê Minh Thông | E9: 0.4 | F9: 0.4 | G9: 0.4
A10: 8 | B10: B1605285 | C10: Huỳnh Thị Diễm | E10: 0.45 | F10: 0.4 | G10: 0.45
A11: 9 | B11: B1605291 | C11: Trần Thanh Nguyên | E11: 0.45 | F11: 0.4 | G11: 0.4
A12: 10 | B12: B1605344 | C12: Nguyễn Thị Đào | E12: 0.3 | F12: 0.5 | G12: 0.45
A13: 11 | B13: B1607025 | C13: Nguyễn Chí Thanh | E13: 0.4 | F13: 0.45 | G13: 0.4
A14: 12 | B14: B1609759 | C14: Nguyễn Hải Anh | E14: 0.5 | F14: 0.5 | G14: 0.45
A15: 13 | B15: B1609765 | C15: Trần Nam Dương | E15: 0.4 | F15: 0.4 | G15: 0.35
A16: 14 | B16: B1609773 | C16: Nguyễn Duy Khanh | E16: 0.35 | F16: 0.4 | G16: 0

Sheet Điểm lý thuyết
A1: Điểm lý thuyết
A2: STT | B2: Mã SV | C2: Họ và tên | E2: Điểm lý thuyết
A3: 1 | B3: B1505719 | C3: Nguyễn Văn Hiếu | E3: 4.2
A4: 2 | B4: B1505915 | C4: Lý Minh Trí | E4: 5.8
A5: 3 | B5: B1509874 | C5: Nguyễn Kiều Mi | E5: 5.8
A6: 4 | B6: B1509929 | C6: Đặng Duy Linh | E6: 4.5
A7: 5 | B7: B1605223 | C7: Lê Thị Trúc Linh | E7: 5.5
A8: 6 | B8: B1605235 | C8: Phạm Thị Huỳnh | E8: 7.5
A9: 7 | B9: B1605249 | C9: Lê Minh Thông | E9: 5.3
A10: 8 | B10: B1605285 | C10: Huỳnh Thị Diễm | E10: 6.8
A11: 9 | B11: B1605291 | C11: Trần Thanh Nguyên | E11: 6.3
A12: 10 | B12: B1605344 | C12: Nguyễn Thị Đào | E12: 8.3
A13: 11 | B13: B1607025 | C13: Nguyễn Chí Thanh | E13: -3
A14: 12 | B14: B1609759 | C14: Nguyễn Hải Anh | E14: 7
... A16: 14 | B16: B1609773 | C16: Nguyễn Duy Khánh | E16: 6.5

Sheet Điểm bài tập lớn
A1: Điểm bài tập lớn
A2: STT | B2: Mã SV | C2: Họ và tên | D2: Điểm BL lớn
A3: 1 | B3: B1505719 | C3: Nguyễn Văn Hiếu | D3: 0.5
A4: 2 | B4: B1505915 | C4: Lý Minh Trí | D4: 1
A5: 3 | B5: B1509874 | C5: Nguyễn Kiều Mi | D5: 0.5
A6: 4 | B6: B1509929 | C6: Đặng Duy Linh | D6: 1
A7: 5 | B7: B1605223 | C7: Lê Thị Trúc Linh | D7: 1.75
A8: 6 | B8: B1605235 | C8: Phạm Thị Huỳnh | D8: 1.2
A9: 7 | B9: B1605249 | C9: Lê Minh Thông | D9: 1
A10: 8 | B10: B1605285 | C10: Huỳnh Thị Diễm | D10: 0
A11: 9 | B11: B1605291 | C11: Trần Thanh Nguyên | D11: 0.75
A12: 10 | B12: B1605344 | C12: Nguyễn Thị Đào | D12: 0.3
A13: 11 | B13: B1607025 | C13: Nguyễn Chí Thanh | D13: 0.3
A14: 12 | B14: B1609759 | C14: Nguyễn Hải Anh | D14: 1.5
... A16: 14 | B16: B1609773 | C16: Nguyễn Duy Khanh | D16: 0.85

Sheet Sinh viên điểm < 7
A1: {=_xlfn._xlws.FILTER('Tổng hợp điểm'!B7:K20, 'Tổng hợp điểm'!J7:J20 < 7)} -> 0B1505719 | B1: Nguyễn Văn Hiếu | C1: 0.45 | D1: 0.25 | E1: 0.3 | F1: 0.5 | G1: 4.2 | H1: 4 | I1: 4 | J1: D
A2: 1B1505915 | B2: Lý Minh Trí | C2: 0.5 | D2: 0.35 | E2: 0.4 | F2: 1 | G2: 5.8 | H2: 5.7 | I2: 5.7 | J2: C
A3: 0B1509874 | B3: Nguyễn Kiều Mi | C3: 0.25 | D3: 0.25 | E3: 0.3 | F3: 0.5 | G3: 5.8 | H3: 4.8 | I3: 4.8 | J3: D
A4: 0B1509929 | B4: Đặng Duy Linh | C4: 0.4 | D4: 0.25 | E4: 0.35 | F4: 1 | G4: 4.5 | H4: 4.7 | I4: 4.7 | J4: D
A5: 2B1605223 | B5: Le Thị Trúc Linh | C5: 0.45 | D5: 0.4 | E5: 0.35 | F5: 1.75 | G5: 5.5 | H5: 6.3 | I5: 6.3 | J5: C
A6: 0B1605249 | B6: Lê Minh Thông | C6: 0.4 | D6: 0.4 | E6: 0.4 | F6: 1 | G6: 5.3 | H6: 5.4 | I6: 5.4 | J6: D+
A7: 0B1605285 | B7: Huỳnh Thị Diễm | C7: 0.45 | D7: 0.4 | E7: 0.45 | F7: 0 | G7: 6.8 | H7: 5.4 | I7: 0 | J7: F
A8: 0B1605291 | B8: Trần Thanh Nguyên | C8: 0.45 | D8: 0.4 | E8: 0.4 | F8: 0.75 | G8: 6.3 | H8: 5.8 | I8: 5.8 | J8: C
A9: 1B1605344 | B9: Nguyễn Thị Đào | C9: 0.3 | D9: 0.5 | E9: 0.45 | F9: 0.3 | G9: 8.3 | H9: 6.5 | I9: 6.5 | J9: C+
A10: 4B1607025 | B10: Nguyễn Chí Thanh | C10: 0.4 | D10: 0.45 | E10: 0.4 | F10: 0.3 | G10: -3 | H10: 0 | I10: 0 | J10: F
A11: 5B1609765 | B11: Trần Nam Dương | C11: 0.4 | D11: 0.4 | E11: 0.35 | F11: 1.35 | G11: -3 | H11: 0 | I11: 0 | J11: F
A12: 0B1609773 | B12: Nguyễn Duy Khanh | C12: 0.35 | D12: 0.4 | E12: 0 | F12: 0.85 | G12: 6.5 | H12: 5.5 | I12: 5.5 | J12: C

Sheet Sinh viên điểm >= 7
A1: {=_xlfn._xlws.FILTER('Tổng hợp điểm'!B7:K20, 'Tổng hợp điểm'!J7:J20 >= 7)} -> 0B1605235 | B1: Phạm Thị Huỳnh | C1: 0.4 | D1: 0.45 | E1: 0.5 | F1: 1.2 | G1: 7.5 | H1: 7.1 | I1: 7.1 | J1: B
A2: 2B1609759 | B2: Nguyễn Hải Anh | C2: 0.5 | D2: 0.5 | E2: 0.45 | F2: 1.5 | G2: 7 | H2: 7.2 | I2: 7.2 | J2: B
